<?xml version="1.0" encoding="UF-8"?>
<!--- images and video manufacturing --->

<card id="images">
	<title>item</title>
	<image category="img_category">
	<genre>Genre</genre>
	<description>Description goes in here</description>
	<price>
		<unit>R</unit>
		<amount>0.00</amount>
	</price>
	<button id="view">Button</button>
	<button id="download">Button</button>
</card>

<!--- writing manufacturing --->
<card id="writing">
	<title>Post Tittle</title>
	<genre>Genre</genre>
	<story> Story goes here!</story>
	<date>Post Date</date>
	<author>Author</author>
</card>

